time_stamp, average time, incremental time, search time,fov check time, total time, alpha_bal, alpha_del
50.10000261,0.01028870,0.00842339,-nan,181.00000000,0.01028870,0.000000,0.000000
50.11666928,0.00838852,0.00514585,-nan,2042.00000000,0.00648834,0.000000,0.000000
50.13333595,0.00703097,0.00312850,-nan,4935.00000000,0.00431587,0.000000,0.000000
50.15000262,0.00620463,0.00263017,-nan,6759.00000000,0.00372558,0.000000,0.000000
50.16666928,0.00668879,0.00529678,-nan,8662.00000000,0.00862547,0.000000,0.000000
50.18333595,0.00643268,0.00266873,-nan,10463.00000000,0.00515213,0.000000,0.000000
50.20000262,0.00603676,0.00244919,-nan,12302.00000000,0.00366120,0.000000,0.000000
50.21666929,0.00596328,0.00428323,-nan,13603.00000000,0.00544893,0.000000,0.000000
50.23333595,0.00581488,0.00344988,-nan,15130.00000000,0.00462764,0.000000,0.000000
50.25000262,0.00563585,0.00289837,-nan,16170.00000000,0.00402465,0.000000,0.000000
50.26666929,0.00629210,0.00601096,-nan,17032.00000000,0.01285458,0.000000,0.000000
50.28333596,0.00635517,0.00454265,-nan,17941.00000000,0.00704894,0.000000,0.000000
50.30000262,0.00615243,0.00254122,-nan,17442.00000000,0.00371950,0.000000,0.000000
50.31666929,0.00606514,0.00364051,-nan,17356.00000000,0.00493039,0.000000,0.000000
50.33333596,0.00589725,0.00227205,-nan,16586.00000000,0.00354679,0.000000,0.000000
50.35000263,0.00573419,0.00215705,-nan,17217.00000000,0.00328825,0.000000,0.000000
50.36666929,0.00568098,0.00162467,-nan,16237.00000000,0.00482976,0.000000,0.000000
50.38333596,0.00560094,0.00180043,-nan,16709.00000000,0.00424012,0.000000,0.000000
50.40000263,0.00546707,0.00186719,-nan,17253.00000000,0.00305746,0.000000,0.000000
50.41666930,0.00539833,0.00285960,-nan,17815.00000000,0.00409226,0.000000,0.000000
50.43333596,0.00529404,0.00209891,-nan,18083.00000000,0.00320834,0.000000,0.000000
50.45000263,0.00522009,0.00250840,-nan,18193.00000000,0.00366699,0.000000,0.000000
50.46666930,0.00527378,0.00188375,-nan,18397.00000000,0.00645514,0.000000,0.000000
50.48333597,0.00523906,0.00192015,-nan,18585.00000000,0.00444045,0.000000,0.000000
50.50000263,0.00516906,0.00218039,-nan,18706.00000000,0.00348913,0.000000,0.000000
50.51666930,0.00513718,0.00306741,-nan,18889.00000000,0.00434008,0.000000,0.000000
50.53333597,0.00506426,0.00192323,-nan,18905.00000000,0.00316840,0.000000,0.000000
50.55000264,0.00498453,0.00171553,-nan,18969.00000000,0.00283186,0.000000,0.000000
50.56666930,0.00503770,0.00126452,0.00000163,19132.00000000,0.00652640,0.000000,0.000000
50.58333597,0.00506624,0.00103315,0.00000164,19159.00000000,0.00589389,0.000000,0.000000
50.60000264,0.00511666,0.00171470,0.00000172,19078.00000000,0.00662928,0.000000,0.000000
50.61666931,0.00521730,0.00254007,0.00000163,19200.00000000,0.00833699,0.000000,0.000000
50.63333597,0.00524613,0.00224006,0.00000173,19813.00000000,0.00616883,0.000000,0.000000
50.65000264,0.00528456,0.00263882,0.00000169,20764.00000000,0.00655275,0.000000,0.000000
50.66666931,0.00552809,0.00289044,0.00000367,21750.00000000,0.01380796,0.000000,0.000000
50.68333598,0.00577736,0.00384240,0.00000344,22695.00000000,0.01450200,0.000000,0.000000
50.70000264,0.00591742,0.00401870,0.00000255,24029.00000000,0.01095961,0.000000,0.000000
50.71666931,0.00618557,0.00524040,0.00000320,25178.00000000,0.01610701,0.000000,0.000000
50.73333598,0.00639031,0.00356352,0.00000460,27301.00000000,0.01417041,0.000000,0.000000
50.75000265,0.00647291,0.00141242,0.00000404,28979.00000000,0.00969437,0.000000,0.000000
50.76666931,0.00656196,0.00287257,0.00000329,30711.00000000,0.01012372,0.000000,0.000000
50.78333598,0.00674178,0.00328850,0.00000494,32328.00000000,0.01411440,0.000000,0.000000
50.80000265,0.00710332,0.01352330,0.00000454,34072.00000000,0.02228803,0.000000,0.000000
50.81666932,0.00734491,0.00889955,0.00000324,33738.00000000,0.01773334,0.000000,0.000000
50.83333598,0.00752489,0.00807502,0.00000408,36218.00000000,0.01544394,0.000000,0.000000
50.85000265,0.00767590,0.00823944,0.00000335,37689.00000000,0.01447138,0.000000,0.000000
50.86666932,0.00778984,0.00658393,0.00000232,39306.00000000,0.01303131,0.000000,0.000000
50.88333599,0.00788366,0.00569985,0.00000286,40786.00000000,0.01229324,0.000000,0.000000
50.90000266,0.00793033,0.00354558,0.00000405,42466.00000000,0.01017042,0.000000,0.000000
50.91666932,0.00822396,0.01430739,0.00000309,44272.00000000,0.02261167,0.000000,0.000000
50.93333599,0.00827821,0.00537269,0.00000360,46459.00000000,0.01099078,0.000000,0.000000
50.95000266,0.00835127,0.00625511,0.00000264,48218.00000000,0.01207718,0.000000,0.000000
50.96666932,0.00848895,0.00810012,0.00000310,49803.00000000,0.01564857,0.000000,0.000000
50.98333599,0.00858311,0.00790386,0.00000212,51222.00000000,0.01357375,0.000000,0.000000
51.00000266,0.00863850,0.00572075,0.00000359,52767.00000000,0.01162932,0.000000,0.000000
51.01666933,0.00876866,0.01093990,0.00000214,54515.00000000,0.01592767,0.000000,0.000000
51.03333600,0.00873073,0.00284637,0.00000175,56818.00000000,0.00660670,0.000000,0.000000
51.05000266,0.00883902,0.01017811,0.00000244,58490.00000000,0.01501147,0.000000,0.000000
51.06666933,0.00883238,0.00301443,0.00000200,59915.00000000,0.00844712,0.000000,0.000000
51.08333600,0.00885396,0.00289325,0.00000359,61465.00000000,0.01012713,0.000000,0.000000
51.10000266,0.00890625,0.00606615,0.00000392,63035.00000000,0.01204368,0.000000,0.000000
51.11666933,0.00901944,0.00843174,0.00000280,64756.00000000,0.01592394,0.000000,0.000000
51.13333600,0.00903798,0.00512521,0.00000269,67184.00000000,0.01018723,0.000000,0.000000
51.15000267,0.00910701,0.00804068,0.00000281,68941.00000000,0.01345645,0.000000,0.000000
51.16666934,0.00916006,0.00462125,0.00000264,70639.00000000,0.01255486,0.000000,0.000000
51.18333600,0.00918518,0.00421114,0.00000295,72438.00000000,0.01081843,0.000000,0.000000
51.20000267,0.00923249,0.00519135,0.00000440,74372.00000000,0.01235455,0.000000,0.000000
51.21666934,0.00935217,0.00657492,0.00000409,76234.00000000,0.01737096,0.000000,0.000000
51.23333600,0.00950143,0.00754061,0.00000677,78958.00000000,0.01965077,0.000000,0.000000
51.25000267,0.00954805,0.00683972,0.00000296,80806.00000000,0.01276531,0.000000,0.000000
51.26666934,0.00960290,0.00458961,0.00000438,81894.00000000,0.01344212,0.000000,0.000000
51.28333601,0.00975557,0.00913825,0.00000444,83799.00000000,0.02059500,0.000000,0.000000
51.30000268,0.00973029,0.00311820,0.00000298,84256.00000000,0.00790993,0.000000,0.000000
51.31666934,0.00975482,0.00466596,0.00000303,86004.00000000,0.01154556,0.000000,0.000000
51.33333601,0.00997983,0.00873564,0.00000742,88715.00000000,0.02663090,0.000000,0.000000
51.35000268,0.01012348,0.00312603,0.00001147,90153.00000000,0.02089736,0.000000,0.000000
51.36666935,0.01016888,0.00418423,0.00000443,91992.00000000,0.01361942,0.000000,0.000000
51.38333601,0.01030818,0.00379926,0.00001015,93521.00000000,0.02103410,0.000000,0.000000
51.40000268,0.01045050,0.00530972,0.00000961,94950.00000000,0.02155119,0.000000,0.000000
51.41666935,0.01074069,0.00668233,0.00000793,96213.00000000,0.03366615,0.000000,0.000000
51.43333602,0.01080785,0.00445215,0.00000736,98042.00000000,0.01618004,0.000000,0.000000
51.45000268,0.01083742,0.00629151,0.00000464,99593.00000000,0.01323256,0.000000,0.000000
51.46666935,0.01087448,0.00538966,0.00000374,101076.00000000,0.01391352,0.000000,0.000000
51.48333602,0.01090655,0.00551018,0.00000381,103062.00000000,0.01356861,0.000000,0.000000
51.50000269,0.01094398,0.00506559,0.00000605,105065.00000000,0.01408833,0.000000,0.000000
51.51666935,0.01108117,0.00855431,0.00000590,106883.00000000,0.02274199,0.000000,0.000000
51.53333602,0.01108150,0.00497048,0.00000360,109467.00000000,0.01110998,0.000000,0.000000
51.55000269,0.01107723,0.00489740,0.00000357,111206.00000000,0.01070583,0.000000,0.000000
51.56666936,0.01113296,0.00713162,0.00000350,112999.00000000,0.01603669,0.000000,0.000000
51.58333602,0.01131008,0.01879568,0.00000385,115148.00000000,0.02707456,0.000000,0.000000
51.60000269,0.01131998,0.00422132,0.00000561,116231.00000000,0.01221032,0.000000,0.000000
51.61666936,0.01141841,0.00863742,0.00000625,118152.00000000,0.02037553,0.000000,0.000000
51.63333603,0.01151220,0.00544229,0.00001211,120829.00000000,0.02014124,0.000000,0.000000
51.65000269,0.01169783,0.00606894,0.00001701,122565.00000000,0.02896159,0.000000,0.000000
51.66666936,0.01173801,0.00466344,0.00000513,123634.00000000,0.01551513,0.000000,0.000000
51.68333603,0.01170051,0.00277960,0.00000237,124247.00000000,0.00813802,0.000000,0.000000
51.70000270,0.01165913,0.00421827,0.00000167,125722.00000000,0.00768602,0.000000,0.000000
51.71666936,0.01195937,0.01039182,0.00001063,127553.00000000,0.04108325,0.000000,0.000000
51.73333603,0.01204668,0.00694729,0.00000883,130136.00000000,0.02060260,0.000000,0.000000
51.75000270,0.01204777,0.00434479,0.00000433,131396.00000000,0.01215567,0.000000,0.000000
51.76666937,0.01210021,0.00641172,0.00000453,133284.00000000,0.01734422,0.000000,0.000000
51.78333603,0.01215601,0.00689749,0.00000482,135406.00000000,0.01779186,0.000000,0.000000
51.80000270,0.01218592,0.00668051,0.00000534,137106.00000000,0.01523683,0.000000,0.000000
51.81666937,0.01219070,0.00659511,0.00000226,138241.00000000,0.01268271,0.000000,0.000000
51.83333604,0.01216187,0.00353212,0.00000348,140924.00000000,0.00916396,0.000000,0.000000
51.85000270,0.01213536,0.00387843,0.00000321,142607.00000000,0.00935145,0.000000,0.000000
51.86666937,0.01227525,0.01731663,0.00000384,144258.00000000,0.02710336,0.000000,0.000000
51.88333604,0.01231168,0.00655590,0.00000372,146294.00000000,0.01620985,0.000000,0.000000
51.90000271,0.01233093,0.00503269,0.00000593,148561.00000000,0.01441049,0.000000,0.000000
51.91666937,0.01237938,0.00878807,0.00000383,150497.00000000,0.01766002,0.000000,0.000000
51.93333604,0.01255032,0.00615799,0.00001784,153180.00000000,0.03135381,0.000000,0.000000
51.95000271,0.01263978,0.00613290,0.00001082,154918.00000000,0.02257001,0.000000,0.000000
51.96666938,0.01273083,0.00337044,0.00001266,156146.00000000,0.02292808,0.000000,0.000000
51.98333604,0.01270205,0.00369252,0.00000254,156416.00000000,0.00945028,0.000000,0.000000
52.00000271,0.01266555,0.00491844,0.00000185,157741.00000000,0.00850431,0.000000,0.000000
52.01666938,0.01281842,0.00783370,0.00001187,159623.00000000,0.03039908,0.000000,0.000000
52.03333605,0.01291098,0.00545405,0.00001119,161937.00000000,0.02364787,0.000000,0.000000
52.05000271,0.01288166,0.00263998,0.00000418,163332.00000000,0.00945048,0.000000,0.000000
52.06666938,0.01287450,0.00472476,0.00000346,165202.00000000,0.01202952,0.000000,0.000000
52.08333605,0.01285560,0.00465737,0.00000296,167441.00000000,0.01060656,0.000000,0.000000
52.10000272,0.01285362,0.00379648,0.00000631,169730.00000000,0.01261580,0.000000,0.000000
52.11666939,0.01283898,0.00666128,0.00000206,171560.00000000,0.01106845,0.000000,0.000000
52.13333605,0.01282582,0.00335768,0.00000582,174325.00000000,0.01121930,0.000000,0.000000
52.15000272,0.01278084,0.00274856,0.00000329,176114.00000000,0.00724830,0.000000,0.000000
52.16666939,0.01279511,0.00622127,0.00000368,177880.00000000,0.01456462,0.000000,0.000000
52.18333605,0.01286523,0.00783561,0.00000644,180573.00000000,0.02163068,0.000000,0.000000
52.20000272,0.01284815,0.00392223,0.00000439,183090.00000000,0.01069559,0.000000,0.000000
52.21666939,0.01288869,0.00580443,0.00000674,184955.00000000,0.01803842,0.000000,0.000000
52.23333606,0.01299048,0.00290831,0.00002106,187620.00000000,0.02601954,0.000000,0.000000
52.25000273,0.01296741,0.00435573,0.00000419,189217.00000000,0.00999079,0.000000,0.000000
52.26666939,0.01307876,0.00508613,0.00001889,190973.00000000,0.02755493,0.000000,0.000000
52.28333606,0.01332360,0.02177422,0.00001982,192614.00000000,0.04539761,0.000000,0.000000
52.30000273,0.01343062,0.00276752,0.00001082,193539.00000000,0.02755697,0.000000,0.000000
52.31666939,0.01346306,0.00575907,0.00000573,195392.00000000,0.01777795,0.000000,0.000000
52.33333606,0.01399862,0.00604735,0.00005786,198100.00000000,0.08576353,0.000000,0.000000
52.35000273,0.01401493,0.00294211,0.00000876,196298.00000000,0.01621682,0.000000,0.000000
52.36666940,0.01400722,0.00320385,0.00000465,197642.00000000,0.01295804,0.000000,0.000000
52.38333607,0.01400199,0.00339553,0.00000411,199678.00000000,0.01328509,0.000000,0.000000
52.40000273,0.01398750,0.00358754,0.00000524,202093.00000000,0.01198800,0.000000,0.000000
52.41666940,0.01396495,0.00525823,0.00000242,203930.00000000,0.01083124,0.000000,0.000000
52.43333607,0.01394881,0.00346562,0.00000535,206547.00000000,0.01168849,0.000000,0.000000
52.45000273,0.01393211,0.00379232,0.00000483,208410.00000000,0.01157773,0.000000,0.000000
52.46666940,0.01395439,0.00825564,0.00000313,210232.00000000,0.01711760,0.000000,0.000000
52.48333607,0.01400277,0.00831379,0.00000518,213063.00000000,0.02092106,0.000000,0.000000
52.50000274,0.01398363,0.00347652,0.00000415,215910.00000000,0.01122808,0.000000,0.000000
52.51666941,0.01401741,0.00617278,0.00000480,217765.00000000,0.01891608,0.000000,0.000000
52.53333607,0.01417974,0.01121604,0.00002008,220458.00000000,0.03787970,0.000000,0.000000
52.55000274,0.01424420,0.00373989,0.00000800,221766.00000000,0.02372015,0.000000,0.000000
52.56666941,0.01436916,0.00619227,0.00001295,223580.00000000,0.03286271,0.000000,0.000000
52.58333608,0.01435424,0.00443479,0.00000323,222424.00000000,0.01213156,0.000000,0.000000
52.60000274,0.01430089,0.00323829,0.00000123,223532.00000000,0.00629740,0.000000,0.000000
52.61666941,0.01436474,0.00750553,0.00000828,225428.00000000,0.02400731,0.000000,0.000000
52.63333608,0.01439281,0.00301449,0.00001030,227928.00000000,0.01865916,0.000000,0.000000
52.65000275,0.01438030,0.00355614,0.00000564,229711.00000000,0.01246546,0.000000,0.000000
52.66666941,0.01518283,0.04197709,0.00000640,231578.00000000,0.13877345,0.000000,0.000000
52.68333608,0.01532678,0.00277246,0.00003039,240758.00000000,0.03763888,0.000000,0.000000
52.70000275,0.01532037,0.00422849,0.00000574,242489.00000000,0.01432016,0.000000,0.000000
52.71666942,0.01534781,0.00531968,0.00000571,244315.00000000,0.01965552,0.000000,0.000000
52.73333608,0.01546402,0.00544999,0.00001886,247012.00000000,0.03382515,0.000000,0.000000
52.75000275,0.01550258,0.00609328,0.00000938,248783.00000000,0.02163335,0.000000,0.000000
52.76666942,0.01548881,0.00426191,0.00000599,250611.00000000,0.01328541,0.000000,0.000000
52.78333609,0.01554171,0.00919624,0.00001026,252329.00000000,0.02405951,0.000000,0.000000
52.80000275,0.01560333,0.01566374,0.00000600,253121.00000000,0.02558554,0.000000,0.000000
52.81666942,0.01560725,0.00837111,0.00000326,254017.00000000,0.01624556,0.000000,0.000000
52.83333609,0.01559647,0.00211505,0.00000698,256725.00000000,0.01382856,0.000000,0.000000
52.85000276,0.01554503,0.00237378,0.00000297,258525.00000000,0.00705762,0.000000,0.000000
52.86666942,0.01550146,0.00329691,0.00000297,260121.00000000,0.00826987,0.000000,0.000000
52.88333609,0.01546778,0.00358365,0.00000403,261886.00000000,0.00984294,0.000000,0.000000
52.90000276,0.01544116,0.00442637,0.00000339,263545.00000000,0.01096815,0.000000,0.000000
52.91666943,0.01554490,0.00649942,0.00001275,265519.00000000,0.03307683,0.000000,0.000000
52.93333609,0.01553837,0.00491478,0.00000694,268205.00000000,0.01442965,0.000000,0.000000
52.95000276,0.01577259,0.00500145,0.00003484,269822.00000000,0.05582405,0.000000,0.000000
52.96666943,0.01578201,0.00477764,0.00000970,271724.00000000,0.01740109,0.000000,0.000000
52.98333610,0.01584348,0.00598102,0.00001556,273419.00000000,0.02647758,0.000000,0.000000
53.00000276,0.01586552,0.00931422,0.00000625,275065.00000000,0.01970193,0.000000,0.000000
53.01666943,0.01592463,0.01282975,0.00000593,277018.00000000,0.02626743,0.000000,0.000000
53.03333610,0.01593147,0.00863423,0.00000674,279744.00000000,0.01713538,0.000000,0.000000
53.05000277,0.01594773,0.00925169,0.00000805,281468.00000000,0.01882705,0.000000,0.000000
53.06666943,0.01601828,0.00875520,0.00001017,283265.00000000,0.02857481,0.000000,0.000000
53.08333610,0.01604362,0.00868290,0.00000782,284938.00000000,0.02058021,0.000000,0.000000
53.10000277,0.01609796,0.01012988,0.00000952,286596.00000000,0.02587973,0.000000,0.000000
53.11666944,0.01630875,0.02193024,0.00001183,288366.00000000,0.05446049,0.000000,0.000000
53.13333610,0.01648516,0.00709574,0.00002013,284011.00000000,0.04859221,0.000000,0.000000
53.15000277,0.01644847,0.00284870,0.00000318,281608.00000000,0.00973408,0.000000,0.000000
53.16666944,0.01644809,0.00419402,0.00000457,283247.00000000,0.01637851,0.000000,0.000000
53.18333611,0.01640621,0.00318062,0.00000188,285481.00000000,0.00865842,0.000000,0.000000
53.20000278,0.01635897,0.00305014,0.00000239,287452.00000000,0.00757196,0.000000,0.000000
53.21666944,0.01636165,0.00624357,0.00000424,289303.00000000,0.01686293,0.000000,0.000000
53.23333611,0.01634543,0.00375934,0.00000572,292071.00000000,0.01329639,0.000000,0.000000
53.25000278,0.01631895,0.00503145,0.00000369,293875.00000000,0.01131405,0.000000,0.000000
53.26666944,0.01647483,0.01743708,0.00001027,295726.00000000,0.04609246,0.000000,0.000000
53.28333611,0.01658745,0.00644081,0.00001030,298651.00000000,0.03809758,0.000000,0.000000
53.30000278,0.01653968,0.00294241,0.00000186,300865.00000000,0.00736848,0.000000,0.000000
53.31666945,0.01650972,0.00397793,0.00000274,302721.00000000,0.01072673,0.000000,0.000000
53.33333612,0.01648354,0.00357396,0.00000421,305447.00000000,0.01140395,0.000000,0.000000
53.35000278,0.01650153,0.00444244,0.00000867,307205.00000000,0.02001035,0.000000,0.000000
53.36666945,0.01653512,0.00585193,0.00000732,309133.00000000,0.02311848,0.000000,0.000000
53.38333612,0.01652513,0.00545310,0.00000320,311572.00000000,0.01455797,0.000000,0.000000
53.40000278,0.01654737,0.00520930,0.00000780,314080.00000000,0.02095080,0.000000,0.000000
53.41666945,0.01672285,0.02160759,0.00001001,315894.00000000,0.05164329,0.000000,0.000000
53.43333612,0.01683173,0.00610835,0.00001342,318082.00000000,0.03860798,0.000000,0.000000
53.45000279,0.01711040,0.00918699,0.00004497,319948.00000000,0.07312305,0.000000,0.000000
53.46666946,0.01719505,0.01156484,0.00000793,319390.00000000,0.03429417,0.000000,0.000000
53.48333612,0.01729320,0.00989568,0.00001295,322581.00000000,0.03721791,0.000000,0.000000
53.50000279,0.01727123,0.00464106,0.00000619,325120.00000000,0.01278885,0.000000,0.000000
53.51666946,0.01728986,0.01089487,0.00000562,326842.00000000,0.02110935,0.000000,0.000000
53.53333612,0.01729061,0.00527138,0.00000947,328857.00000000,0.01744365,0.000000,0.000000
53.55000279,0.01727698,0.00791540,0.00000472,330679.00000000,0.01445564,0.000000,0.000000
53.56666946,0.01804612,0.14532147,0.00000269,331987.00000000,0.17802811,0.000000,0.000000
53.58333613,0.01833488,0.01493852,0.00005195,342722.00000000,0.07868478,0.000000,0.000000
53.60000280,0.01828505,0.00348628,0.00000254,344088.00000000,0.00782266,0.000000,0.000000
53.61666946,0.01829880,0.00768384,0.00000743,345805.00000000,0.02119818,0.000000,0.000000
53.63333613,0.01833649,0.00784630,0.00001171,348322.00000000,0.02632673,0.000000,0.000000
53.65000280,0.01831468,0.00673916,0.00000471,344081.00000000,0.01367065,0.000000,0.000000
53.66666947,0.01828704,0.00445648,0.00000544,345203.00000000,0.01237211,0.000000,0.000000
53.68333613,0.01829669,0.00877968,0.00000882,346917.00000000,0.02037000,0.000000,0.000000
53.70000280,0.01825755,0.00453503,0.00000373,348525.00000000,0.00980371,0.000000,0.000000
53.71666947,0.01823974,0.00872438,0.00000255,350239.00000000,0.01437512,0.000000,0.000000
53.73333614,0.01821989,0.00600162,0.00000513,352831.00000000,0.01389220,0.000000,0.000000
53.75000280,0.01828804,0.01161601,0.00001743,354792.00000000,0.03321315,0.000000,0.000000
53.76666947,0.01825392,0.00522669,0.00000397,356277.00000000,0.01074697,0.000000,0.000000
53.78333614,0.01822945,0.00586886,0.00000510,357910.00000000,0.01282321,0.000000,0.000000
53.80000281,0.01825559,0.00872184,0.00001248,359637.00000000,0.02405860,0.000000,0.000000
53.81666947,0.01837317,0.01574345,0.00001462,361424.00000000,0.04459384,0.000000,0.000000
53.83333614,0.01838264,0.00411368,0.00001015,363093.00000000,0.02050367,0.000000,0.000000
53.85000281,0.01836804,0.00301301,0.00000797,364315.00000000,0.01508239,0.000000,0.000000
53.86666948,0.01835832,0.00533531,0.00000736,366032.00000000,0.01616235,0.000000,0.000000
53.88333614,0.01831084,0.00364351,0.00000227,367406.00000000,0.00753262,0.000000,0.000000
53.90000281,0.01826727,0.00357639,0.00000302,369258.00000000,0.00833386,0.000000,0.000000
53.91666948,0.01825746,0.00533811,0.00000546,370931.00000000,0.01600904,0.000000,0.000000
53.93333615,0.01825770,0.00440879,0.00000886,373437.00000000,0.01831308,0.000000,0.000000
53.95000281,0.01826277,0.01078496,0.00000530,375369.00000000,0.01943361,0.000000,0.000000
53.96666948,0.01823799,0.00383006,0.00000476,377080.00000000,0.01249071,0.000000,0.000000
53.98333615,0.01822552,0.00567138,0.00000518,378760.00000000,0.01531911,0.000000,0.000000
54.00000282,0.01821942,0.00526471,0.00000785,380645.00000000,0.01679121,0.000000,0.000000
54.01666948,0.01828992,0.01158562,0.00001170,382331.00000000,0.03485951,0.000000,0.000000
54.03333615,0.01832366,0.00631170,0.00000876,383751.00000000,0.02628631,0.000000,0.000000
54.05000282,0.01833856,0.00672956,0.00000989,385735.00000000,0.02186845,0.000000,0.000000
54.06666949,0.01840858,0.01633957,0.00000600,387578.00000000,0.03507276,0.000000,0.000000
54.08333615,0.01845867,0.01043925,0.00000561,390870.00000000,0.03043166,0.000000,0.000000
54.10000282,0.01840737,0.00283203,0.00000201,394774.00000000,0.00609586,0.000000,0.000000
54.11666949,0.01836358,0.00476143,0.00000133,396511.00000000,0.00781016,0.000000,0.000000
54.13333616,0.01832183,0.00365347,0.00000293,398998.00000000,0.00821817,0.000000,0.000000
54.15000282,0.01828205,0.00416756,0.00000340,400953.00000000,0.00861451,0.000000,0.000000
54.16666949,0.01835342,0.02196492,0.00000384,402713.00000000,0.03576802,0.000000,0.000000
54.18333616,0.01846120,0.01657003,0.00000585,407698.00000000,0.04486716,0.000000,0.000000
54.20000283,0.01846893,0.00426810,0.00000893,412243.00000000,0.02037066,0.000000,0.000000
54.21666949,0.01851447,0.00836784,0.00000792,413837.00000000,0.02976201,0.000000,0.000000
54.23333616,0.01867993,0.02326883,0.00002074,416371.00000000,0.05971534,0.000000,0.000000
54.25000283,0.01871945,0.00618323,0.00000935,417777.00000000,0.02856011,0.000000,0.000000
54.26666950,0.01881873,0.01146912,0.00001189,419585.00000000,0.04363880,0.000000,0.000000
54.28333616,0.01897509,0.01368940,0.00001393,422769.00000000,0.05822114,0.000000,0.000000
54.30000283,0.01899441,0.00804647,0.00000791,425801.00000000,0.02386149,0.000000,0.000000
54.31666950,0.01919017,0.01679797,0.00001691,427557.00000000,0.06871829,0.000000,0.000000
54.33333617,0.01934133,0.01231413,0.00002352,430075.00000000,0.05773686,0.000000,0.000000
54.35000283,0.01934290,0.00339729,0.00001031,428915.00000000,0.01974226,0.000000,0.000000
54.36666950,0.01938572,0.01097262,0.00000409,429087.00000000,0.03034661,0.000000,0.000000
54.38333617,0.01946164,0.01512107,0.00000422,433209.00000000,0.03897470,0.000000,0.000000
54.40000284,0.01941345,0.00292157,0.00000204,437638.00000000,0.00698085,0.000000,0.000000
54.41666951,0.01938529,0.00446139,0.00000244,439281.00000000,0.01209169,0.000000,0.000000
54.43333617,0.01935116,0.00369135,0.00000345,441822.00000000,0.01047744,0.000000,0.000000
54.45000284,0.01936003,0.00414409,0.00000718,443797.00000000,0.02167391,0.000000,0.000000
54.46666951,0.01948303,0.02176450,0.00000524,445662.00000000,0.05170864,0.000000,0.000000
54.48333617,0.01954976,0.01717134,0.00000419,450783.00000000,0.03710008,0.000000,0.000000
54.50000284,0.01955122,0.00420180,0.00000783,455992.00000000,0.01993756,0.000000,0.000000
54.51666951,0.01956285,0.00747422,0.00000687,457797.00000000,0.02264449,0.000000,0.000000
54.53333618,0.01970897,0.01208104,0.00002067,460356.00000000,0.05857604,0.000000,0.000000
54.55000285,0.01969190,0.00562261,0.00000597,461784.00000000,0.01513453,0.000000,0.000000
54.56666951,0.01979172,0.01237775,0.00001273,463628.00000000,0.04654273,0.000000,0.000000
54.58333618,0.01985514,0.01436468,0.00000730,466836.00000000,0.03691560,0.000000,0.000000
54.60000285,0.01987890,0.00768026,0.00000804,469952.00000000,0.02629539,0.000000,0.000000
54.61666951,0.01993092,0.01302980,0.00000955,471647.00000000,0.03402674,0.000000,0.000000
54.63333618,0.01998081,0.00410326,0.00001536,470864.00000000,0.03355230,0.000000,0.000000
54.65000285,0.01995203,0.00350151,0.00000568,472910.00000000,0.01209379,0.000000,0.000000
54.66666952,0.02001364,0.01719466,0.00000503,474535.00000000,0.03689637,0.000000,0.000000
54.68333619,0.02015882,0.01887063,0.00000757,478944.00000000,0.06008368,0.000000,0.000000
54.70000285,0.02016564,0.00634201,0.00000807,483874.00000000,0.02204821,0.000000,0.000000
54.71666952,0.02018693,0.01003910,0.00000570,485480.00000000,0.02608197,0.000000,0.000000
54.73333619,0.02018151,0.00782715,0.00000587,487929.00000000,0.01867611,0.000000,0.000000
54.75000285,0.02019437,0.00793900,0.00001055,489939.00000000,0.02378226,0.000000,0.000000
54.76666952,0.02035470,0.03001506,0.00000843,491804.00000000,0.06524722,0.000000,0.000000
54.78333619,0.02046046,0.02744140,0.00000599,494715.00000000,0.05017833,0.000000,0.000000
54.80000286,0.02049511,0.00754557,0.00000924,499767.00000000,0.03026705,0.000000,0.000000
54.81666953,0.02054234,0.01083878,0.00000988,501552.00000000,0.03390825,0.000000,0.000000
54.83333619,0.02058045,0.01135408,0.00001011,504052.00000000,0.03140430,0.000000,0.000000
54.85000286,0.02057225,0.00357797,0.00000735,503520.00000000,0.01823453,0.000000,0.000000
54.86666953,0.02063838,0.01127326,0.00001093,505341.00000000,0.03955048,0.000000,0.000000
54.88333620,0.02067440,0.01068643,0.00000725,508539.00000000,0.03101244,0.000000,0.000000
54.90000286,0.02064336,0.00555218,0.00000342,511824.00000000,0.01170562,0.000000,0.000000
54.91666953,0.02064749,0.01033824,0.00000529,513545.00000000,0.02184004,0.000000,0.000000
54.93333620,0.02065393,0.00838490,0.00000873,516019.00000000,0.02252011,0.000000,0.000000
54.95000287,0.02069918,0.00791000,0.00001230,518056.00000000,0.03386832,0.000000,0.000000
54.96666953,0.02076995,0.02272254,0.00000661,519925.00000000,0.04143383,0.000000,0.000000
54.98333620,0.02094218,0.02693505,0.00000942,524266.00000000,0.07140778,0.000000,0.000000
55.00000287,0.02111709,0.03986438,0.00002344,529387.00000000,0.07254009,0.000000,0.000000
55.01666954,0.02115538,0.00841548,0.00001031,529346.00000000,0.03245049,0.000000,0.000000
55.03333620,0.02117446,0.00652769,0.00001169,531728.00000000,0.02682226,0.000000,0.000000
55.05000287,0.02122021,0.00642236,0.00001878,533686.00000000,0.03480661,0.000000,0.000000
55.06666954,0.02136671,0.02877967,0.00001081,535500.00000000,0.06502362,0.000000,0.000000
55.08333621,0.02158613,0.02601851,0.00001749,540268.00000000,0.08719425,0.000000,0.000000
55.10000287,0.02159386,0.00848352,0.00001193,544878.00000000,0.02391205,0.000000,0.000000
55.11666954,0.02164820,0.01045021,0.00001687,546646.00000000,0.03800384,0.000000,0.000000
55.13333621,0.02168220,0.01323789,0.00001352,549012.00000000,0.03195042,0.000000,0.000000
55.15000288,0.02166575,0.00958875,0.00000467,547668.00000000,0.01668107,0.000000,0.000000
55.16666954,0.02175575,0.01330538,0.00001470,549608.00000000,0.04911683,0.000000,0.000000
55.18333621,0.02175916,0.01513200,0.00000193,550578.00000000,0.02279973,0.000000,0.000000
55.20000288,0.02171723,0.00396239,0.00000327,554204.00000000,0.00888698,0.000000,0.000000
55.21666955,0.02168561,0.00597474,0.00000353,555909.00000000,0.01197670,0.000000,0.000000
55.23333621,0.02166258,0.00528040,0.00000702,558207.00000000,0.01457062,0.000000,0.000000
55.25000288,0.02162594,0.00503753,0.00000382,560245.00000000,0.01030298,0.000000,0.000000
55.26666955,0.02166693,0.01764879,0.00000479,561993.00000000,0.03437416,0.000000,0.000000
55.28333622,0.02172445,0.02144921,0.00000450,566456.00000000,0.03961224,0.000000,0.000000
55.30000288,0.02170826,0.00868874,0.00000675,571714.00000000,0.01665757,0.000000,0.000000
55.31666955,0.02169482,0.01013291,0.00000437,573418.00000000,0.01748857,0.000000,0.000000
55.33333622,0.02167468,0.00801516,0.00000524,575838.00000000,0.01535237,0.000000,0.000000
55.35000289,0.02166930,0.00780388,0.00001057,577904.00000000,0.01997196,0.000000,0.000000
55.36666955,0.02187949,0.03248391,0.00001037,579628.00000000,0.08830088,0.000000,0.000000
55.38333622,0.02203381,0.03289279,0.00000926,584892.00000000,0.07095272,0.000000,0.000000
55.40000289,0.02203105,0.00812247,0.00001024,590001.00000000,0.02115413,0.000000,0.000000
55.41666956,0.02214754,0.03489671,0.00001304,591546.00000000,0.05930775,0.000000,0.000000
55.43333622,0.02216336,0.00953132,0.00001100,593683.00000000,0.02722596,0.000000,0.000000
55.45000289,0.02218889,0.00881765,0.00001252,595753.00000000,0.03038232,0.000000,0.000000
55.46666956,0.02233074,0.02340138,0.00001389,597565.00000000,0.06800720,0.000000,0.000000
55.48333623,0.02244576,0.02303370,0.00001128,601233.00000000,0.05959904,0.000000,0.000000
55.50000290,0.02248551,0.01130340,0.00001131,604927.00000000,0.03536452,0.000000,0.000000
55.51666956,0.02255279,0.01834485,0.00001074,606697.00000000,0.04441833,0.000000,0.000000
55.53333623,0.02253914,0.00421188,0.00000606,603787.00000000,0.01808834,0.000000,0.000000
55.55000290,0.02249725,0.00268759,0.00000346,604018.00000000,0.00879975,0.000000,0.000000
55.56666956,0.02249816,0.00826028,0.00000290,605528.00000000,0.02279624,0.000000,0.000000
55.58333623,0.02250291,0.01142151,0.00000212,610079.00000000,0.02406475,0.000000,0.000000
55.60000290,0.02248132,0.00532207,0.00000572,615146.00000000,0.01535584,0.000000,0.000000
55.61666957,0.02246553,0.00669057,0.00000386,616908.00000000,0.01723903,0.000000,0.000000
55.63333624,0.02244374,0.00538761,0.00000520,619255.00000000,0.01521131,0.000000,0.000000
55.65000290,0.02250999,0.01170373,0.00002169,621228.00000000,0.04457046,0.000000,0.000000
55.66666957,0.02251838,0.01257785,0.00000270,622739.00000000,0.02532117,0.000000,0.000000
55.68333624,0.02254580,0.01152633,0.00000511,626621.00000000,0.03173191,0.000000,0.000000
55.70000290,0.02251110,0.00439565,0.00000304,630623.00000000,0.01085273,0.000000,0.000000
55.71666957,0.02251295,0.00855516,0.00000541,632344.00000000,0.02313422,0.000000,0.000000
55.73333624,0.02256652,0.01118572,0.00001336,634674.00000000,0.04067423,0.000000,0.000000
55.75000291,0.02261894,0.01000023,0.00001322,636721.00000000,0.04038962,0.000000,0.000000
55.76666958,0.02277763,0.03468906,0.00001049,638617.00000000,0.07673340,0.000000,0.000000
55.78333624,0.02284981,0.01719105,0.00000879,641028.00000000,0.04746327,0.000000,0.000000
55.80000291,0.02283858,0.00881648,0.00001025,644884.00000000,0.01899709,0.000000,0.000000
55.81666958,0.02292083,0.01518708,0.00001230,646372.00000000,0.05113158,0.000000,0.000000
55.83333624,0.02297551,0.01177842,0.00001290,648824.00000000,0.04178514,0.000000,0.000000
55.85000291,0.02298395,0.01069825,0.00001146,650876.00000000,0.02589775,0.000000,0.000000
55.86666958,0.02303217,0.01895958,0.00000539,650562.00000000,0.03971600,0.000000,0.000000
55.88333625,0.02308152,0.01727338,0.00000558,655558.00000000,0.04020335,0.000000,0.000000
55.90000292,0.02309782,0.00669027,0.00001465,661018.00000000,0.02877294,0.000000,0.000000
55.91666958,0.02310827,0.00984142,0.00000813,662622.00000000,0.02675499,0.000000,0.000000
55.93333625,0.02313146,0.00787279,0.00001283,665045.00000000,0.03124806,0.000000,0.000000
55.95000292,0.02330888,0.04704096,0.00002516,667126.00000000,0.08558379,0.000000,0.000000
55.96666959,0.02332884,0.01380158,0.00000464,667014.00000000,0.03035197,0.000000,0.000000
55.98333625,0.02333720,0.01242051,0.00000425,671135.00000000,0.02629112,0.000000,0.000000
56.00000292,0.02330300,0.00422095,0.00000458,675491.00000000,0.01119386,0.000000,0.000000
56.01666959,0.02330262,0.01012508,0.00000748,677214.00000000,0.02316749,0.000000,0.000000
56.03333626,0.02332334,0.01276535,0.00001194,679579.00000000,0.03070084,0.000000,0.000000
56.05000292,0.02340668,0.01205105,0.00002969,681625.00000000,0.05316043,0.000000,0.000000
56.06666959,0.02360876,0.03296009,0.00001910,683560.00000000,0.09595331,0.000000,0.000000
56.08333626,0.02386373,0.03803988,0.00002029,687581.00000000,0.11539461,0.000000,0.000000
56.10000293,0.02387768,0.01251893,0.00001254,692298.00000000,0.02890288,0.000000,0.000000
56.11666959,0.02397141,0.01728291,0.00002093,694019.00000000,0.05780481,0.000000,0.000000
56.13333626,0.02406668,0.01439538,0.00002378,696460.00000000,0.05855611,0.000000,0.000000
56.15000293,0.02413125,0.01304814,0.00002326,698469.00000000,0.04757051,0.000000,0.000000
56.16666960,0.02450699,0.08307100,0.00001775,700151.00000000,0.16127431,0.000000,0.000000
56.18333626,0.02460518,0.04063152,0.00000328,699902.00000000,0.06044501,0.000000,0.000000
56.20000293,0.02457596,0.00914082,0.00000263,706051.00000000,0.01388211,0.000000,0.000000
56.21666960,0.02456079,0.01210583,0.00000332,707287.00000000,0.01899446,0.000000,0.000000
56.23333627,0.02458366,0.00413323,0.00002038,709676.00000000,0.03300065,0.000000,0.000000
56.25000293,0.02455317,0.00528895,0.00000608,711723.00000000,0.01330024,0.000000,0.000000
56.26666960,0.02460847,0.02245783,0.00000733,713442.00000000,0.04507086,0.000000,0.000000
56.28333627,0.02469600,0.01789996,0.00000733,717439.00000000,0.05717002,0.000000,0.000000
56.30000294,0.02467425,0.00787198,0.00000588,721203.00000000,0.01658075,0.000000,0.000000
56.31666960,0.02473027,0.02117566,0.00001300,722894.00000000,0.04562755,0.000000,0.000000
56.33333627,0.02472666,0.01407854,0.00000520,723799.00000000,0.02337632,0.000000,0.000000
56.35000294,0.02471970,0.00975510,0.00000679,725889.00000000,0.02211114,0.000000,0.000000
56.36666961,0.02476317,0.02042576,0.00000582,727031.00000000,0.04110767,0.000000,0.000000
56.38333627,0.02480623,0.02496109,0.00000391,730512.00000000,0.04104030,0.000000,0.000000
56.40000294,0.02476585,0.00521929,0.00000211,734726.00000000,0.00950004,0.000000,0.000000
56.41666961,0.02474974,0.00642451,0.00000578,736349.00000000,0.01864330,0.000000,0.000000
56.43333628,0.02471092,0.00556392,0.00000193,738673.00000000,0.00996195,0.000000,0.000000
56.45000294,0.02467565,0.00567697,0.00000366,740768.00000000,0.01123778,0.000000,0.000000
56.46666961,0.02483694,0.05247837,0.00000725,742432.00000000,0.08644882,0.000000,0.000000
56.48333628,0.02495547,0.04114803,0.00000598,747675.00000000,0.07035020,0.000000,0.000000
56.50000295,0.02493215,0.00711113,0.00000736,754043.00000000,0.01597827,0.000000,0.000000
56.51666961,0.02495710,0.02304004,0.00000666,755695.00000000,0.03456177,0.000000,0.000000
56.53333628,0.02499790,0.00545558,0.00002210,756545.00000000,0.04074808,0.000000,0.000000
56.55000295,0.02497483,0.00596451,0.00000738,758630.00000000,0.01604760,0.000000,0.000000
56.56666962,0.02501987,0.01126225,0.00001014,760482.00000000,0.04249551,0.000000,0.000000
56.58333628,0.02504654,0.01053389,0.00000649,764013.00000000,0.03542069,0.000000,0.000000
56.60000295,0.02502705,0.00735188,0.00000733,768136.00000000,0.01742528,0.000000,0.000000
56.61666962,0.02505007,0.01251985,0.00000771,769770.00000000,0.03405028,0.000000,0.000000
56.63333629,0.02511543,0.01130391,0.00001708,772053.00000000,0.05073605,0.000000,0.000000
56.65000295,0.02511865,0.00984039,0.00001025,774173.00000000,0.02638414,0.000000,0.000000
56.66666962,0.02528264,0.03427014,0.00001271,775923.00000000,0.08989541,0.000000,0.000000
56.68333629,0.02543475,0.03918687,0.00001006,778859.00000000,0.08552042,0.000000,0.000000
56.70000296,0.02544316,0.00838470,0.00001221,783518.00000000,0.02877105,0.000000,0.000000
56.71666963,0.02546565,0.01089742,0.00001136,785232.00000000,0.03439617,0.000000,0.000000
56.73333629,0.02548955,0.00870588,0.00001116,787449.00000000,0.03500048,0.000000,0.000000
56.75000296,0.02545587,0.00312772,0.00000455,787430.00000000,0.01201950,0.000000,0.000000
56.76666963,0.02557479,0.02770904,0.00000911,789096.00000000,0.07314329,0.000000,0.000000
56.78333629,0.02565973,0.03080099,0.00000470,793953.00000000,0.05971902,0.000000,0.000000
56.80000296,0.02561877,0.00268564,0.00000253,799801.00000000,0.00915287,0.000000,0.000000
56.81666963,0.02563132,0.00383921,0.00000832,801470.00000000,0.03068944,0.000000,0.000000
56.83333630,0.02570337,0.00526066,0.00002626,803795.00000000,0.05480909,0.000000,0.000000
56.85000297,0.02567970,0.00440288,0.00000844,805982.00000000,0.01609332,0.000000,0.000000
56.86666963,0.02574032,0.03154061,0.00000741,807648.00000000,0.05035333,0.000000,0.000000
56.88333630,0.02575053,0.01068245,0.00000471,810683.00000000,0.02990469,0.000000,0.000000
56.90000297,0.02572482,0.00636442,0.00000633,815204.00000000,0.01523597,0.000000,0.000000
56.91666963,0.02574085,0.01308804,0.00001035,816833.00000000,0.03229647,0.000000,0.000000
56.93333630,0.02576208,0.01405047,0.00001172,819207.00000000,0.03446609,0.000000,0.000000
56.95000297,0.02577549,0.01209337,0.00001290,821350.00000000,0.03128703,0.000000,0.000000
56.96666964,0.02599817,0.03620696,0.00001724,823079.00000000,0.11774567,0.000000,0.000000
56.98333631,0.02614172,0.03791776,0.00001038,826348.00000000,0.08542474,0.000000,0.000000
57.00000297,0.02610323,0.00333215,0.00000361,830395.00000000,0.01016955,0.000000,0.000000
57.01666964,0.02607461,0.00500688,0.00000378,832107.00000000,0.01419826,0.000000,0.000000
57.03333631,0.02605419,0.00410348,0.00000674,834467.00000000,0.01755973,0.000000,0.000000
57.05000297,0.02601477,0.00361538,0.00000366,836603.00000000,0.00957776,0.000000,0.000000
57.06666964,0.02624324,0.07128717,0.00001012,838322.00000000,0.12174186,0.000000,0.000000
57.08333631,0.02639075,0.03486127,0.00000976,843933.00000000,0.08819549,0.000000,0.000000
57.10000298,0.02637780,0.00409619,0.00001043,850340.00000000,0.02093923,0.000000,0.000000
57.11666965,0.02639062,0.00518748,0.00001185,851978.00000000,0.03179120,0.000000,0.000000
57.13333631,0.02643394,0.00592910,0.00002311,854320.00000000,0.04471347,0.000000,0.000000
57.15000298,0.02642441,0.00523441,0.00001183,856572.00000000,0.02239237,0.000000,0.000000
57.16666965,0.02648654,0.01351032,0.00001231,858305.00000000,0.05283052,0.000000,0.000000
57.18333632,0.02652558,0.01394635,0.00000711,862096.00000000,0.04311634,0.000000,0.000000
57.20000298,0.02651036,0.00762477,0.00000882,866491.00000000,0.02002650,0.000000,0.000000
57.21666965,0.02652604,0.01367355,0.00001005,868145.00000000,0.03322168,0.000000,0.000000
57.23333632,0.02654263,0.01419555,0.00001160,870450.00000000,0.03364386,0.000000,0.000000
57.25000299,0.02654244,0.01085061,0.00001060,872717.00000000,0.02646133,0.000000,0.000000
57.26666965,0.02671601,0.03993883,0.00001409,874342.00000000,0.10134984,0.000000,0.000000
57.28333632,0.02705381,0.05192413,0.00002888,879257.00000000,0.17264460,0.000000,0.000000
57.30000299,0.02704540,0.00952005,0.00001157,883072.00000000,0.02341615,0.000000,0.000000
57.31666966,0.02705307,0.01150840,0.00001089,884593.00000000,0.03037212,0.000000,0.000000
57.33333632,0.02700910,0.00364430,0.00000208,881747.00000000,0.00792409,0.000000,0.000000
57.35000299,0.02696470,0.00330069,0.00000271,883894.00000000,0.00765106,0.000000,0.000000
57.36666966,0.02708747,0.04259023,0.00000726,885517.00000000,0.08061682,0.000000,0.000000
57.38333633,0.02725193,0.04225466,0.00000721,891041.00000000,0.09912294,0.000000,0.000000
57.40000299,0.02720713,0.00292309,0.00000243,897176.00000000,0.00758358,0.000000,0.000000
57.41666966,0.02717917,0.00355459,0.00000607,898858.00000000,0.01490408,0.000000,0.000000
57.43333633,0.02723890,0.00446238,0.00002844,901192.00000000,0.05351813,0.000000,0.000000
57.45000300,0.02721866,0.00365994,0.00001065,903443.00000000,0.01829582,0.000000,0.000000
57.46666966,0.02724571,0.01107704,0.00000822,905086.00000000,0.03920079,0.000000,0.000000
57.48333633,0.02733508,0.01239258,0.00000788,909293.00000000,0.06692732,0.000000,0.000000
57.50000300,0.02730650,0.00630604,0.00000653,914162.00000000,0.01461468,0.000000,0.000000
57.51666967,0.02732945,0.01255775,0.00001367,915716.00000000,0.03754278,0.000000,0.000000
57.53333633,0.02737653,0.01231131,0.00002018,918090.00000000,0.04837536,0.000000,0.000000
57.55000300,0.02740638,0.01918849,0.00001514,920300.00000000,0.04074702,0.000000,0.000000
57.56666967,0.02745552,0.01120743,0.00000933,921124.00000000,0.04947091,0.000000,0.000000
57.58333634,0.02752231,0.02327875,0.00000733,922533.00000000,0.05751190,0.000000,0.000000
57.60000300,0.02747389,0.00277550,0.00000166,927681.00000000,0.00568667,0.000000,0.000000
57.61666967,0.02743612,0.00490445,0.00000287,929250.00000000,0.01040017,0.000000,0.000000
57.63333634,0.02739913,0.00384686,0.00000308,931602.00000000,0.01068056,0.000000,0.000000
57.65000301,0.02735677,0.00364843,0.00000265,933880.00000000,0.00816435,0.000000,0.000000
57.66666967,0.02750227,0.05074204,0.00000806,935551.00000000,0.09356095,0.000000,0.000000
57.68333634,0.02763747,0.02803061,0.00000911,941324.00000000,0.08915611,0.000000,0.000000
57.70000301,0.02759932,0.00315336,0.00000416,946486.00000000,0.01020082,0.000000,0.000000
57.71666968,0.02758773,0.00489642,0.00000744,948069.00000000,0.02229314,0.000000,0.000000
57.73333634,0.02767668,0.02320961,0.00002490,950483.00000000,0.06841372,0.000000,0.000000
57.75000301,0.02764305,0.00367491,0.00000600,951860.00000000,0.01220735,0.000000,0.000000
57.76666968,0.02767825,0.01022504,0.00000927,953543.00000000,0.04386982,0.000000,0.000000
57.78333635,0.02772816,0.01210802,0.00000793,957673.00000000,0.05073759,0.000000,0.000000
57.80000302,0.02771993,0.00768578,0.00000931,962484.00000000,0.02391622,0.000000,0.000000
57.81666968,0.02774070,0.01474565,0.00001265,964157.00000000,0.03735605,0.000000,0.000000
57.83333635,0.02779456,0.01491468,0.00001722,966524.00000000,0.05278661,0.000000,0.000000
57.85000302,0.02782833,0.01110070,0.00001640,968799.00000000,0.04352997,0.000000,0.000000
57.86666968,0.02793734,0.04315378,0.00001065,970325.00000000,0.07873704,0.000000,0.000000
57.88333635,0.02811152,0.05333306,0.00001731,975522.00000000,0.10945410,0.000000,0.000000
57.90000302,0.02810078,0.01265342,0.00000968,980878.00000000,0.02307501,0.000000,0.000000
57.91666969,0.02810930,0.01907990,0.00000852,982555.00000000,0.03210301,0.000000,0.000000
57.93333636,0.02811323,0.01643930,0.00000975,984936.00000000,0.02996389,0.000000,0.000000
57.95000302,0.02810470,0.01363553,0.00000941,987137.00000000,0.02408790,0.000000,0.000000
57.96666969,0.02832634,0.08142190,0.00001283,988889.00000000,0.13293648,0.000000,0.000000
57.98333636,0.02852251,0.07529730,0.00001144,995485.00000000,0.12131390,0.000000,0.000000
58.00000302,0.02852461,0.01697847,0.00001103,1002093.00000000,0.02952070,0.000000,0.000000
58.01666969,0.02853877,0.01923910,0.00001069,1003664.00000000,0.03526256,0.000000,0.000000
58.03333636,0.02858308,0.01758353,0.00002469,1005988.00000000,0.04967639,0.000000,0.000000
58.05000303,0.02858200,0.01483480,0.00001254,1008137.00000000,0.02806756,0.000000,0.000000
58.06666970,0.02877506,0.04323011,0.00001786,1009820.00000000,0.12105438,0.000000,0.000000
58.08333636,0.02896649,0.05550324,0.00001622,1014322.00000000,0.12066390,0.000000,0.000000
58.10000303,0.02906440,0.03450552,0.00002825,1019218.00000000,0.07606194,0.000000,0.000000
58.11666970,0.02920449,0.02772551,0.00003492,1019650.00000000,0.09658462,0.000000,0.000000
58.13333636,0.02919696,0.01045795,0.00000845,1021954.00000000,0.02556688,0.000000,0.000000
58.15000303,0.02916731,0.00476893,0.00000764,1015974.00000000,0.01484889,0.000000,0.000000
58.16666970,0.02917430,0.01162393,0.00000521,1017156.00000000,0.03255529,0.000000,0.000000
58.18333637,0.02923159,0.02439908,0.00000724,1021829.00000000,0.05701840,0.000000,0.000000
58.20000304,0.02918447,0.00290008,0.00000182,1026962.00000000,0.00628668,0.000000,0.000000
58.21666970,0.02917878,0.00454229,0.00001032,1028526.00000000,0.02640458,0.000000,0.000000
58.23333637,0.02914861,0.00441364,0.00000472,1030843.00000000,0.01442609,0.000000,0.000000
58.25000304,0.02910626,0.00332527,0.00000366,1033157.00000000,0.00839662,0.000000,0.000000
58.26666971,0.02921823,0.04395079,0.00000821,1034618.00000000,0.08408598,0.000000,0.000000
58.28333637,0.02937767,0.04518965,0.00001006,1040155.00000000,0.10766062,0.000000,0.000000
58.30000304,0.02934364,0.00332719,0.00000555,1045403.00000000,0.01260062,0.000000,0.000000
58.31666971,0.02933958,0.00414734,0.00001034,1047015.00000000,0.02733921,0.000000,0.000000
58.33333638,0.02935594,0.00434363,0.00001967,1049405.00000000,0.03743683,0.000000,0.000000
58.35000304,0.02931943,0.00342146,0.00000589,1051643.00000000,0.01124645,0.000000,0.000000
58.36666971,0.02934472,0.01422350,0.00000753,1053145.00000000,0.04188851,0.000000,0.000000
58.38333638,0.02950152,0.06909280,0.00000633,1057827.00000000,0.10743232,0.000000,0.000000
58.40000305,0.02946781,0.00583724,0.00000412,1062675.00000000,0.01267854,0.000000,0.000000
58.41666971,0.02946180,0.01158359,0.00000706,1064359.00000000,0.02646639,0.000000,0.000000
58.43333638,0.02945473,0.01385933,0.00000820,1066746.00000000,0.02591657,0.000000,0.000000
58.45000305,0.02943424,0.01046910,0.00000861,1068976.00000000,0.01917045,0.000000,0.000000
58.46666972,0.02951408,0.03903548,0.00000976,1070464.00000000,0.06959265,0.000000,0.000000
58.48333638,0.02965602,0.04274110,0.00001935,1075095.00000000,0.10105303,0.000000,0.000000
58.50000305,0.02964709,0.01392689,0.00000927,1079654.00000000,0.02514428,0.000000,0.000000
58.51666972,0.02971154,0.01879296,0.00001678,1081401.00000000,0.06225856,0.000000,0.000000
58.53333639,0.02978083,0.01815364,0.00001654,1083795.00000000,0.06484268,0.000000,0.000000
58.55000305,0.02981267,0.01238082,0.00002350,1086112.00000000,0.04595655,0.000000,0.000000
58.56666972,0.03010050,0.07831114,0.00001943,1087625.00000000,0.17632004,0.000000,0.000000
58.58333639,0.03044672,0.08311344,0.00002066,1094257.00000000,0.20666810,0.000000,0.000000
58.60000306,0.03050304,0.01532227,0.00002758,1101686.00000000,0.05922957,0.000000,0.000000
58.61666972,0.03057126,0.02107150,0.00002199,1103429.00000000,0.06542861,0.000000,0.000000
58.63333639,0.03070750,0.01924892,0.00004154,1105831.00000000,0.10046232,0.000000,0.000000
58.65000306,0.03074707,0.01742039,0.00002525,1108095.00000000,0.05104787,0.000000,0.000000
58.66666973,0.03091097,0.04884181,0.00001532,1107201.00000000,0.11515796,0.000000,0.000000
58.68333639,0.03098064,0.01572479,0.00000948,1111958.00000000,0.06686139,0.000000,0.000000
58.70000306,0.03093440,0.00360646,0.00000151,1112054.00000000,0.00706976,0.000000,0.000000
58.71666973,0.03091752,0.00877182,0.00000676,1113708.00000000,0.02219245,0.000000,0.000000
58.73333640,0.03091487,0.01321422,0.00000785,1116066.00000000,0.02954133,0.000000,0.000000
58.75000306,0.03092685,0.01085990,0.00001268,1118426.00000000,0.03714587,0.000000,0.000000
58.76666973,0.03127883,0.14861559,0.00000520,1119118.00000000,0.21430951,0.000000,0.000000
58.78333640,0.03125166,0.00324254,0.00000550,1128893.00000000,0.01709245,0.000000,0.000000
58.80000307,0.03121075,0.00322240,0.00000247,1130886.00000000,0.00985949,0.000000,0.000000
58.81666973,0.03118283,0.00508226,0.00000336,1132667.00000000,0.01657782,0.000000,0.000000
58.83333640,0.03115301,0.00477976,0.00000365,1135059.00000000,0.01552852,0.000000,0.000000
58.85000307,0.03113875,0.00280976,0.00001915,1137425.00000000,0.02365160,0.000000,0.000000
58.86666974,0.03110428,0.00473510,0.00000519,1138804.00000000,0.01297364,0.000000,0.000000
58.88333640,0.03107959,0.00643929,0.00000681,1140646.00000000,0.01806843,0.000000,0.000000
58.90000307,0.03105333,0.00654726,0.00000751,1142652.00000000,0.01718604,0.000000,0.000000
58.91666974,0.03104325,0.01308920,0.00000651,1144393.00000000,0.02571445,0.000000,0.000000
58.93333641,0.03110361,0.02779946,0.00001208,1146771.00000000,0.06309363,0.000000,0.000000
58.95000307,0.03107668,0.00699371,0.00000717,1148975.00000000,0.01677712,0.000000,0.000000
58.96666974,0.03106556,0.00978782,0.00000909,1150523.00000000,0.02514828,0.000000,0.000000
58.98333641,0.03106598,0.01330453,0.00000936,1152514.00000000,0.03128993,0.000000,0.000000
59.00000308,0.03105244,0.00922735,0.00001070,1154563.00000000,0.02382439,0.000000,0.000000
59.01666975,0.03106710,0.01320260,0.00001308,1156175.00000000,0.03890782,0.000000,0.000000
59.03333641,0.03113295,0.01459709,0.00002710,1158517.00000000,0.06642985,0.000000,0.000000
59.05000308,0.03112709,0.00856255,0.00001210,1160780.00000000,0.02797890,0.000000,0.000000
59.06666975,0.03110322,0.00851697,0.00000545,1154226.00000000,0.01826259,0.000000,0.000000
59.08333641,0.03108858,0.00978085,0.00000694,1156146.00000000,0.02319627,0.000000,0.000000
59.10000308,0.03111429,0.00826698,0.00001892,1158157.00000000,0.04499729,0.000000,0.000000
59.11666975,0.03110613,0.00493893,0.00000753,1158226.00000000,0.02669390,0.000000,0.000000
59.13333642,0.03106495,0.00450240,0.00000211,1160252.00000000,0.00874485,0.000000,0.000000
59.15000309,0.03102017,0.00290474,0.00000335,1162695.00000000,0.00670550,0.000000,0.000000
59.16666975,0.03097935,0.00406029,0.00000309,1164092.00000000,0.00876992,0.000000,0.000000
59.18333642,0.03094113,0.00482684,0.00000346,1165977.00000000,0.01011345,0.000000,0.000000
59.20000309,0.03090423,0.00569912,0.00000424,1167991.00000000,0.01075413,0.000000,0.000000
59.21666975,0.03087205,0.00635025,0.00000423,1169630.00000000,0.01327308,0.000000,0.000000
59.23333642,0.03092557,0.01979858,0.00002774,1172026.00000000,0.06025533,0.000000,0.000000
59.25000309,0.03090014,0.00707092,0.00000920,1174102.00000000,0.01693732,0.000000,0.000000
59.26666976,0.03096487,0.02988553,0.00000826,1175569.00000000,0.06656688,0.000000,0.000000
59.28333643,0.03098148,0.02757106,0.00000237,1179020.00000000,0.04013296,0.000000,0.000000
59.30000309,0.03093650,0.00296415,0.00000167,1184282.00000000,0.00610581,0.000000,0.000000
59.31666976,0.03091297,0.00728538,0.00000505,1185926.00000000,0.01790234,0.000000,0.000000
59.33333643,0.03091024,0.00827499,0.00001214,1188285.00000000,0.02939793,0.000000,0.000000
59.35000309,0.03093822,0.02933602,0.00001323,1190663.00000000,0.04646813,0.000000,0.000000
59.36666976,0.03098779,0.02955316,0.00000594,1191671.00000000,0.05854694,0.000000,0.000000
59.38333643,0.03113840,0.04346164,0.00001297,1197561.00000000,0.11502815,0.000000,0.000000
59.40000310,0.03111856,0.00727773,0.00000890,1204227.00000000,0.02004959,0.000000,0.000000
59.41666977,0.03111784,0.01146662,0.00001150,1205781.00000000,0.03071164,0.000000,0.000000
59.43333643,0.03110986,0.01073846,0.00001005,1208102.00000000,0.02664459,0.000000,0.000000
59.45000310,0.03109267,0.00730155,0.00001331,1210463.00000000,0.02144527,0.000000,0.000000
59.46666977,0.03124325,0.04133092,0.00001440,1212015.00000000,0.11586999,0.000000,0.000000
59.48333644,0.03133866,0.03408866,0.00000894,1217921.00000000,0.08505546,0.000000,0.000000
59.50000310,0.03131252,0.00518411,0.00000606,1222792.00000000,0.01657205,0.000000,0.000000
59.51666977,0.03129162,0.00847123,0.00000433,1224303.00000000,0.01948153,0.000000,0.000000
59.53333644,0.03130494,0.00418562,0.00001782,1226509.00000000,0.03884463,0.000000,0.000000
59.55000311,0.03127526,0.00474147,0.00000772,1227846.00000000,0.01444364,0.000000,0.000000
59.56666977,0.03131793,0.01191494,0.00000900,1229421.00000000,0.05555665,0.000000,0.000000
59.58333644,0.03136787,0.02671219,0.00000526,1234419.00000000,0.05978584,0.000000,0.000000
59.60000311,0.03132804,0.00480505,0.00000198,1240289.00000000,0.00862532,0.000000,0.000000
59.61666978,0.03132279,0.01197468,0.00000920,1241963.00000000,0.02832054,0.000000,0.000000
59.63333644,0.03132722,0.01665333,0.00001113,1244311.00000000,0.03386556,0.000000,0.000000
59.65000311,0.03132199,0.01268259,0.00001474,1246646.00000000,0.02832297,0.000000,0.000000
59.66666978,0.03148579,0.06684257,0.00001474,1248189.00000000,0.12550622,0.000000,0.000000
59.68333645,0.03160993,0.07063904,0.00000594,1251872.00000000,0.10299215,0.000000,0.000000
59.70000311,0.03157046,0.00477334,0.00000223,1258449.00000000,0.00883324,0.000000,0.000000
59.71666978,0.03153752,0.00680091,0.00000292,1260178.00000000,0.01253503,0.000000,0.000000
59.73333645,0.03150543,0.00655842,0.00000342,1262506.00000000,0.01295581,0.000000,0.000000
59.75000312,0.03147245,0.00513629,0.00000638,1264848.00000000,0.01237497,0.000000,0.000000
59.76666978,0.03170656,0.10601074,0.00001087,1266314.00000000,0.16749080,0.000000,0.000000
59.78333645,0.03188111,0.10194860,0.00000412,1272864.00000000,0.13329654,0.000000,0.000000
59.80000312,0.03185073,0.00690911,0.00000495,1280787.00000000,0.01416989,0.000000,0.000000
59.81666979,0.03182838,0.00854177,0.00000549,1282316.00000000,0.01879600,0.000000,0.000000
59.83333645,0.03189349,0.01422395,0.00002923,1284601.00000000,0.06991727,0.000000,0.000000
59.85000312,0.03185443,0.00508883,0.00000207,1283516.00000000,0.00900729,0.000000,0.000000
59.86666979,0.03188226,0.02118962,0.00000585,1284838.00000000,0.04818912,0.000000,0.000000
59.88333646,0.03191901,0.03064116,0.00000283,1290371.00000000,0.05349045,0.000000,0.000000
59.90000312,0.03188176,0.00644464,0.00000167,1296493.00000000,0.00998227,0.000000,0.000000
59.91666979,0.03190796,0.02861360,0.00001076,1298092.00000000,0.04733512,0.000000,0.000000
59.93333646,0.03188822,0.01169658,0.00000415,1299644.00000000,0.02024406,0.000000,0.000000
59.95000313,0.03186617,0.00865719,0.00000879,1302042.00000000,0.01883405,0.000000,0.000000
59.96666979,0.03194456,0.04229597,0.00000737,1303505.00000000,0.07835196,0.000000,0.000000
59.98333646,0.03208463,0.06222852,0.00001064,1308865.00000000,0.11514825,0.000000,0.000000
60.00000313,0.03204977,0.00809141,0.00000140,1313700.00000000,0.01134082,0.000000,0.000000
60.01666980,0.03202422,0.00656187,0.00000564,1315418.00000000,0.01682337,0.000000,0.000000
60.03333646,0.03199481,0.00745383,0.00000318,1317645.00000000,0.01446523,0.000000,0.000000
60.05000313,0.03196320,0.00547176,0.00000530,1320053.00000000,0.01309307,0.000000,0.000000
60.06666980,0.03233558,0.19135876,0.00001058,1321650.00000000,0.25501500,0.000000,0.000000
60.08333647,0.03248757,0.08357082,0.00000564,1328775.00000000,0.12353370,0.000000,0.000000
60.10000313,0.03246150,0.00775811,0.00000559,1336769.00000000,0.01681823,0.000000,0.000000
60.11666980,0.03244313,0.00945700,0.00000534,1338466.00000000,0.02140367,0.000000,0.000000
60.13333647,0.03246957,0.00975303,0.00001842,1340773.00000000,0.04838285,0.000000,0.000000
60.15000314,0.03244019,0.00718474,0.00000539,1343234.00000000,0.01472568,0.000000,0.000000
60.16666980,0.03256548,0.05033289,0.00001210,1344722.00000000,0.10824424,0.000000,0.000000
60.18333647,0.03268964,0.05175774,0.00000778,1350692.00000000,0.10780649,0.000000,0.000000
60.20000314,0.03267643,0.01516067,0.00000658,1357100.00000000,0.02466958,0.000000,0.000000
60.21666981,0.03269666,0.02569871,0.00001061,1358850.00000000,0.04497622,0.000000,0.000000
60.23333648,0.03273866,0.03614311,0.00001202,1361151.00000000,0.05827214,0.000000,0.000000
60.25000314,0.03274900,0.02460921,0.00001236,1363592.00000000,0.03904626,0.000000,0.000000
60.26666981,0.03297160,0.11284883,0.00001256,1365086.00000000,0.16875626,0.000000,0.000000
60.28333648,0.03306624,0.04789400,0.00000854,1365036.00000000,0.09089609,0.000000,0.000000
60.30000314,0.03303010,0.00761986,0.00000164,1369816.00000000,0.01091129,0.000000,0.000000
60.31666981,0.03300998,0.00787384,0.00000851,1371451.00000000,0.02067393,0.000000,0.000000
60.33333648,0.03298110,0.00740215,0.00000470,1373043.00000000,0.01524870,0.000000,0.000000
60.35000315,0.03294318,0.00413091,0.00000388,1375288.00000000,0.00962105,0.000000,0.000000
60.36666982,0.03311734,0.08746429,0.00000849,1376822.00000000,0.14040046,0.000000,0.000000
60.38333648,0.03324115,0.07584674,0.00000479,1384327.00000000,0.10963150,0.000000,0.000000
60.40000315,0.03320727,0.00556003,0.00000461,1392087.00000000,0.01227239,0.000000,0.000000
60.41666982,0.03318059,0.00608515,0.00000552,1393776.00000000,0.01666785,0.000000,0.000000
60.43333648,0.03318982,0.00640050,0.00001799,1396077.00000000,0.03891145,0.000000,0.000000
60.45000315,0.03316861,0.01014531,0.00000659,1398457.00000000,0.01999592,0.000000,0.000000
60.46666982,0.03325396,0.02999413,0.00001191,1399268.00000000,0.08634129,0.000000,0.000000
60.48333649,0.03330450,0.04356007,0.00000292,1403663.00000000,0.06478798,0.000000,0.000000
60.50000316,0.03326367,0.00430318,0.00000161,1410317.00000000,0.00779071,0.000000,0.000000
60.51666982,0.03325007,0.01132514,0.00000754,1411878.00000000,0.02474613,0.000000,0.000000
60.53333649,0.03325113,0.01877393,0.00000783,1414169.00000000,0.03391944,0.000000,0.000000
60.55000316,0.03323591,0.01317898,0.00000800,1416652.00000000,0.02368773,0.000000,0.000000
60.56666982,0.03336147,0.07298305,0.00000866,1418196.00000000,0.11221360,0.000000,0.000000
60.58333649,0.03358088,0.08014257,0.00002233,1423869.00000000,0.17159460,0.000000,0.000000
60.60000316,0.03358102,0.02259534,0.00000730,1429355.00000000,0.03366354,0.000000,0.000000
60.61666983,0.03358799,0.02337519,0.00000681,1430063.00000000,0.03798999,0.000000,0.000000
60.63333650,0.03356759,0.00801439,0.00000620,1432344.00000000,0.02067332,0.000000,0.000000
60.65000316,0.03353092,0.00542007,0.00000362,1431843.00000000,0.01032145,0.000000,0.000000
60.66666983,0.03367727,0.08916234,0.00000707,1433351.00000000,0.12646167,0.000000,0.000000
60.68333650,0.03376030,0.07074492,0.00000224,1440533.00000000,0.08648563,0.000000,0.000000
60.70000317,0.03372539,0.00561643,0.00000378,1448722.00000000,0.01151990,0.000000,0.000000
60.71666983,0.03369512,0.00673393,0.00000422,1450490.00000000,0.01441635,0.000000,0.000000
60.73333650,0.03370299,0.01000284,0.00001744,1452792.00000000,0.03872127,0.000000,0.000000
60.75000317,0.03368435,0.00488792,0.00001650,1454519.00000000,0.02177496,0.000000,0.000000
60.76666984,0.03375582,0.03776282,0.00000984,1455957.00000000,0.07949786,0.000000,0.000000
60.78333650,0.03383249,0.04598841,0.00000524,1460370.00000000,0.08297413,0.000000,0.000000
60.80000317,0.03379338,0.00443233,0.00000253,1467289.00000000,0.00868885,0.000000,0.000000
60.81666984,0.03380389,0.01279196,0.00001771,1468921.00000000,0.04055891,0.000000,0.000000
60.83333651,0.03380814,0.02250278,0.00000840,1471153.00000000,0.03654542,0.000000,0.000000
60.85000317,0.03379957,0.01552005,0.00001254,1473557.00000000,0.02827476,0.000000,0.000000
60.86666984,0.03395087,0.08378739,0.00001156,1475009.00000000,0.13168878,0.000000,0.000000
60.88333651,0.03398540,0.02071113,0.00000742,1477887.00000000,0.05632458,0.000000,0.000000
60.90000318,0.03394557,0.00340166,0.00000248,1483466.00000000,0.00813790,0.000000,0.000000
60.91666984,0.03391168,0.00475527,0.00000373,1485109.00000000,0.01191699,0.000000,0.000000
60.93333651,0.03387842,0.00436782,0.00000365,1487351.00000000,0.01225552,0.000000,0.000000
60.95000318,0.03383911,0.00295132,0.00000377,1489850.00000000,0.00824923,0.000000,0.000000
60.96666985,0.03390693,0.04837395,0.00000452,1491320.00000000,0.07812438,0.000000,0.000000
60.98333651,0.03396118,0.04412317,0.00000391,1499038.00000000,0.06938800,0.000000,0.000000
61.00000318,0.03392674,0.00511023,0.00000483,1507499.00000000,0.01140574,0.000000,0.000000
61.01666985,0.03389439,0.00654545,0.00000339,1509272.00000000,0.01270643,0.000000,0.000000
61.03333652,0.03387139,0.00772915,0.00000684,1511480.00000000,0.01877841,0.000000,0.000000
61.05000318,0.03383991,0.00401972,0.00000956,1513996.00000000,0.01316045,0.000000,0.000000
61.06666985,0.03388704,0.03561200,0.00000754,1515471.00000000,0.06489636,0.000000,0.000000
61.08333652,0.03394297,0.03463020,0.00000710,1521411.00000000,0.07080304,0.000000,0.000000
61.10000319,0.03391013,0.00594653,0.00000525,1528491.00000000,0.01223659,0.000000,0.000000
61.11666985,0.03391389,0.01133261,0.00001766,1530159.00000000,0.03639665,0.000000,0.000000
61.13333652,0.03393846,0.01619018,0.00001224,1532451.00000000,0.05020405,0.000000,0.000000
61.15000319,0.03393681,0.01053692,0.00001397,1534855.00000000,0.03284119,0.000000,0.000000
61.16666986,0.03409821,0.05879339,0.00001365,1536338.00000000,0.14126700,0.000000,0.000000
61.18333652,0.03429804,0.09250197,0.00001362,1542961.00000000,0.16718915,0.000000,0.000000
61.20000319,0.03429536,0.01313766,0.00001414,1548712.00000000,0.03251100,0.000000,0.000000
61.21666986,0.03430493,0.01679904,0.00001448,1550493.00000000,0.04068740,0.000000,0.000000
61.23333653,0.03431813,0.01729531,0.00001441,1552705.00000000,0.04313210,0.000000,0.000000
61.25000319,0.03431457,0.01210948,0.00001601,1555144.00000000,0.03193477,0.000000,0.000000
61.26666986,0.03457135,0.09859822,0.00001463,1556677.00000000,0.20661663,0.000000,0.000000
61.28333653,0.03472769,0.03571393,0.00001705,1564605.00000000,0.13962822,0.000000,0.000000
61.30000320,0.03471405,0.00656886,0.00001372,1564528.00000000,0.02555055,0.000000,0.000000
61.31666987,0.03467554,0.00468149,0.00000181,1563890.00000000,0.00875716,0.000000,0.000000
61.33333653,0.03465223,0.00424668,0.00000704,1566056.00000000,0.01893948,0.000000,0.000000
61.35000320,0.03463723,0.00302405,0.00001877,1568516.00000000,0.02451158,0.000000,0.000000
61.36666987,0.03497844,0.13963068,0.00000864,1569719.00000000,0.26563734,0.000000,0.000000
61.38333653,0.03503392,0.00563118,0.00003459,1581740.00000000,0.07259692,0.000000,0.000000
61.40000320,0.03499751,0.00349778,0.00000299,1583786.00000000,0.01031323,0.000000,0.000000
61.41666987,0.03498852,0.00703911,0.00000967,1585449.00000000,0.02888323,0.000000,0.000000
61.43333654,0.03498363,0.01087628,0.00000943,1587625.00000000,0.03165682,0.000000,0.000000
61.45000321,0.03496077,0.00699321,0.00000902,1590167.00000000,0.01939410,0.000000,0.000000
61.46666987,0.03495811,0.01247648,0.00000945,1591696.00000000,0.03314471,0.000000,0.000000
61.48333654,0.03498723,0.02745840,0.00001353,1593870.00000000,0.05487529,0.000000,0.000000
61.50000321,0.03497107,0.01086830,0.00000946,1595968.00000000,0.02391411,0.000000,0.000000
61.51666987,0.03497040,0.01334673,0.00001195,1597684.00000000,0.03451124,0.000000,0.000000
61.53333654,0.03503481,0.01070396,0.00003734,1599944.00000000,0.07922589,0.000000,0.000000
61.55000321,0.03499900,0.00380616,0.00000569,1595221.00000000,0.01039500,0.000000,0.000000
61.56666988,0.03497001,0.00539550,0.00000642,1596668.00000000,0.01502330,0.000000,0.000000
61.58333655,0.03494840,0.00627347,0.00000933,1598752.00000000,0.02005850,0.000000,0.000000
61.60000321,0.03492646,0.00660690,0.00000963,1600181.00000000,0.01979126,0.000000,0.000000
61.61666988,0.03490005,0.00469324,0.00000745,1601480.00000000,0.01664878,0.000000,0.000000
61.63333655,0.03486595,0.00439371,0.00000306,1603533.00000000,0.01126846,0.000000,0.000000
61.65000321,0.03483296,0.00308361,0.00000710,1606100.00000000,0.01197223,0.000000,0.000000
61.66666988,0.03480331,0.00463696,0.00000602,1607588.00000000,0.01422541,0.000000,0.000000
61.68333655,0.03478765,0.00958709,0.00000928,1609617.00000000,0.02390191,0.000000,0.000000
61.70000322,0.03476468,0.00459805,0.00000821,1611454.00000000,0.01878024,0.000000,0.000000
61.71666989,0.03480779,0.00919328,0.00003549,1613198.00000000,0.06485570,0.000000,0.000000
61.73333655,0.03479631,0.01195967,0.00000811,1614416.00000000,0.02678531,0.000000,0.000000
61.75000322,0.03476500,0.00578368,0.00000618,1616393.00000000,0.01287512,0.000000,0.000000
61.76666989,0.03473251,0.00563192,0.00000361,1617669.00000000,0.01199243,0.000000,0.000000
61.78333656,0.03470505,0.00767251,0.00000405,1619762.00000000,0.01545237,0.000000,0.000000
61.80000322,0.03470285,0.01769228,0.00001296,1621760.00000000,0.03315794,0.000000,0.000000
61.81666989,0.03468498,0.00765585,0.00000942,1623121.00000000,0.02212705,0.000000,0.000000
61.83333656,0.03466210,0.00930347,0.00000509,1625256.00000000,0.01855233,0.000000,0.000000
61.85000323,0.03463302,0.00708249,0.00000606,1627685.00000000,0.01413328,0.000000,0.000000
61.86666989,0.03479068,0.08869914,0.00001046,1629201.00000000,0.14609714,0.000000,0.000000
61.88333656,0.03487577,0.07189586,0.00000344,1636032.00000000,0.09503268,0.000000,0.000000
61.90000323,0.03484337,0.00452197,0.00000486,1644067.00000000,0.01190791,0.000000,0.000000
61.91666990,0.03482184,0.00625356,0.00000786,1645885.00000000,0.01955215,0.000000,0.000000
61.93333656,0.03483044,0.00693746,0.00001816,1648041.00000000,0.04094134,0.000000,0.000000
61.95000323,0.03480084,0.00486396,0.00000869,1650511.00000000,0.01374923,0.000000,0.000000
61.96666990,0.03499204,0.10929273,0.00001436,1651916.00000000,0.17112799,0.000000,0.000000
61.98333657,0.03511733,0.03480127,0.00001288,1657576.00000000,0.12445260,0.000000,0.000000
